{
    "target": {
        "Q1": 0.00436,
        "Q2": {
            "1": 0.6804,
            "2": 0.49979,
            "3": 0.47805,
            "4": 0.42521
        },
        "Q3": 15,
        "Q4": 224,
        "Q5": 208,
        "Q6": {
            "Normal": 260379,
            "Good": 223990,
            "bad": 99525,
            "Very bad": 15160
        }
    }
}